stat,max,min,average
temp,69.75,51.06,58.989583333333336
wind_speed,6.49,2.01,3.9358333333333335
